brand,desc,docs,images,mpn,price,sku,specs,title,url,weight,weight_unit
5-2-1 Compressor Saver,"Helps reduce air conditioner,compressor start-up time up to 50%,and lowers energy consumption.",{},{'image_url_1': 'https://cdn.shopify.com/s/files/1/0332/9992/2988/products/32ZN46_AS01_1024x.jpg?v=1601743862'}, CSRU3,60.47,C1134496,"{'Item': 'Hard Start Kit', 'Type': 'Potential Relay, Start Capacitor', 'Control Volts': '208 to 240', 'Contact Rating (Amps)': '35', 'Pick Up': '180 to 195', 'Drop Out': '40 to 105', 'Voltage': '208 to 240', 'Phase': '1', 'Hz': '60', 'HP': '4 to 5', 'Increased Torque (Oz-In)': '800', 'Time Delay': 'No', 'Temp Rating (F)': '149', 'Depth': '2 1/2 in', 'Height': '6 1/2 in', 'Width': '3 in', 'Application': '4-5 tons A/C Units', 'For Use With': 'A/C Systems', 'Agency Compliance': 'cUL, CE', 'Includes': 'Capacitor, Mounting Screws, Potential Relay, Zip-Tie'}","5-2-1 Compressor Saver Hard Start Kit, Potential Relay, Start Capacitor, 208 to 240 Voltage, 35 Contact Rating (Amps) - CSRU3",https://www.sustainablesupply.com/products/5-2-1-compressor-saver-hard-start-kit-4-5-tons-a-c-units-csru3-c1134496,1.0,lb
AC-Guard,Adjustable cage protects 1 or more condensers from copper theft.,{},{'image_url_1': 'https://cdn.shopify.com/s/files/1/0332/9992/2988/products/5ULD4_AW01_1024x.jpg?v=1601794117'}, ACGU,393.14,C1139618,"{'Item': 'A/C Condenser Security Cage', 'Type': '16 guage Steel', 'Description': '.1 in tubing size, H Adjustable 34 to 59 In, W x D Adjustable 30 to 51 In', 'Package Quantity': '1'}","AC-Guard A/C Condenser Security Cage, 16 guage Steel - ACGU",https://www.sustainablesupply.com/products/ac-guard-a-c-security-cage-3-way-adj-acgu-c1139618,65.0,lb
AO Smith,"Ignitor, 1-3/4""; Fits Brand: A.O. Smith; Includes: Ignitor",{},{'image_url_1': 'https://cdn.shopify.com/s/files/1/0332/9992/2988/products/28PV31_AW01_1024x.jpg?v=1601727448'}, 100110899,187.04,C1121139,"{'Item': 'Ignitor, 1-3/4""', 'Fits Brand': 'A.O. Smith', 'Includes': 'Ignitor'}","AO Smith Ignitor, 1-3/4"", Fits Brand A.O. Smith - 100110899",https://www.sustainablesupply.com/products/ao-smith-ignitor-1-3-4-in-9006101205-c1121139,0.6,lb
5-2-1 Compressor Saver,"Helps reduce air conditioner,compressor start-up time up to 50%,and lowers energy consumption.",{},{'image_url_1': 'https://cdn.shopify.com/s/files/1/0332/9992/2988/products/32ZN44_AS01_1024x.jpg?v=1601743862'}, CSRU1,48.78,C1134494,"{'Item': 'Hard Start Kit', 'Type': 'Potential Relay, Start Capacitor', 'Control Volts': '208 to 240', 'Contact Rating (Amps)': '35', 'Pick Up': '162 to 175', 'Drop Out': '40 to 90', 'Voltage': '208 to 240', 'Phase': '1', 'Hz': '60', 'HP': '4 to 5', 'Increased Torque (Oz-In)': '300', 'Time Delay': 'No', 'Temp Rating (F)': '149', 'Depth': '2 in', 'Height': '5 1/2 in', 'Width': '1 3/4 in', 'Application': '1 - 3 tons A/C Units', 'For Use With': 'A/C Systems', 'Agency Compliance': 'cUL, CE', 'Includes': 'Capacitor, Mounting Screws, Potential Relay, Zip-Tie'}","5-2-1 Compressor Saver Hard Start Kit, Potential Relay, Start Capacitor, 208 to 240 Voltage, 35 Contact Rating (Amps) - CSRU1",https://www.sustainablesupply.com/products/5-2-1-compressor-saver-hard-start-kit-1-2-3-tons-a-c-units-csru1-c1134494,0.64,lb
5-2-1 Compressor Saver,"Helps reduce air conditioner,compressor start-up time up to 50%,and lowers energy consumption.",{},{'image_url_1': 'https://cdn.shopify.com/s/files/1/0332/9992/2988/products/32ZN45_AS01_1024x.jpg?v=1601743861'}, CSRU2,60.94,C1134495,"{'Item': 'Hard Start Kit', 'Type': 'Potential Relay, Start Capacitor', 'Control Volts': '208 to 240', 'Contact Rating (Amps)': '35', 'Pick Up': '180 to 195', 'Drop Out': '40 to 105', 'Voltage': '208 to 240', 'Phase': '1', 'Hz': '60', 'HP': '3.5 to 5', 'Increased Torque (Oz-In)': '500', 'Time Delay': 'No', 'Temp Rating (F)': '149', 'Depth': '2 in', 'Height': '6 in', 'Width': '2 in', 'Application': '3.5-4-5 tons A/C Units', 'For Use With': 'A/C Systems', 'Agency Compliance': 'cUL, CE', 'Includes': 'Capacitor, Mounting Screws, Potential Relay, Zip-Tie'}","5-2-1 Compressor Saver Hard Start Kit, Potential Relay, Start Capacitor, 208 to 240 Voltage, 35 Contact Rating (Amps) - CSRU2",https://www.sustainablesupply.com/products/5-2-1-compressor-saver-hard-start-kit-35-4-5-tons-a-c-units-csru2-c1134495,0.9,lb
ASCO,"Solenoid Valve Rebuild Kit; For Use With Mfr. Model Number: 8262G263 DC, 8262G148 DC; Includes: Cap Retaining, Clip Retaining, Core Assembly, Disc, Gasket, O-Ring, Plugnut Assembly, Retainer, Solenoid Base Sub Assembly, Spring Compression And Instructions, Stem, Washer Spring",{},{'image_url_1': 'https://cdn.shopify.com/s/files/1/0332/9992/2988/products/2LBE1_AS01_28c5f4a9-dc1a-4097-9ada-44c1f1580de6_1024x.jpg?v=1601733033'}," umber 8262G263 DC, 8262G148 DC - 2LBE2|302080 - Grainger",191.56,C3012890,"{'Item': 'Solenoid Valve Rebuild Kit', 'For Use With Mfr Model Number': '8262G263 DC, 8262G148 DC', 'Includes': 'Cap Retaining, Clip Retaining, Core Assembly, Disc, Gasket, O-Ring, Plugnut Assembly, Retainer, Solenoid Base Sub Assembly, Spring Compression And Instructions, Stem, Washer Spring'}","ASCO Solenoid Valve Rebuild Kit, For Use With Mfr. Model Number 8262G263 DC, 8262G148 DC - umber 8262G263 DC, 8262G148 DC - 2LBE2|302080 - Grainger",https://www.sustainablesupply.com/products/asco-302080-solenoid-valve-rebuild-kit-for-3ul69-c3012890,0.28,lb
ATCO Rubber Products,"Features double-ply vapor barrier with tridirectional reinforcements. Rated for indoor use.,Rated positive pressure: 10"" WC per UL 181,Velocity: 5,000 fpm,Flame spread/smoke developed: 25 / 50",{},{'image_url_1': 'https://cdn.shopify.com/s/files/1/0332/9992/2988/products/3F323_AS01_2b2a57f7-5417-4b4e-92a5-c90f6db9d8de_1024x.jpg?v=1601759215'}, 13002510,72.85,C1135690,"{'Item': 'Insulated Flexible Duct', 'Insulation Value': 'R 4.2', 'UPC Number': '30', 'Flexible Duct Inside Dia': '10 in', 'Flexible Duct Wall Thickness': '1 1/4 in', 'Vapor Transmission': '0.05', 'Material': 'Polyester', 'Flexible Duct Length': '25 ft', 'Flexible Duct Item': 'Insulated Flexible Duct', 'For Use With': 'Heating and Cooling Systems', 'Low Temp Deg': '-20 Degrees F', 'Max Temp': '180 Degrees F', 'Max Pressure': '6 in WC', 'Max Air Flow': '5,000 fpm', 'Features': 'Air Tight Inner Core, Encapsulated Wire Helix, Smooth Inner Core, Thick Blanket of Fiberglass Insulation, Tough Reinforced Metallized Polyester Jacket, Light Weight Compact Carton', 'Standards': 'California State Fire Marshall, Cities of Chicago, County of Dade (Florida), HUD 515-2.1, IMC, IRC, NFPA 90A and 90B, New York, San Francisco, UL181, UMC 10-1 (ICC ES Report No. ESR-1268)'}","ATCO Insulated Flexible Duct, R 4.2, 10 in Flexible Duct Inside Dia. - 13002510",https://www.sustainablesupply.com/products/atco-insulated-flexible-duct-polyester-180f-13002510-c1135690,13.5,lb
ASCO,"Solenoid Valve Rebuild Kit; For Use With Mfr. Model Number: EF8210B026 AC; Includes: Cap Retaining Clip, Clip Retaining Core/Seat Assembly, Disc, Nut Lock, O-Rings, Piston, Ring Piston, Ring Retaining, Ring Rider, Solenoid Base Sub Assembly And Instructions, Washer",{},{'image_url_1': 'https://cdn.shopify.com/s/files/1/0332/9992/2988/products/2LBD3_AS01_1024x.jpg?v=1601733030'}, umber EF8210B026 AC - 2LBD3|302295 - Grainger,493.37,C3012895,"{'Item': 'Solenoid Valve Rebuild Kit', 'For Use With Mfr Model Number': 'EF8210B026 AC', 'Includes': 'Cap Retaining Clip, Clip Retaining Core/Seat Assembly, Disc, Nut Lock, O-Rings, Piston, Ring Piston, Ring Retaining, Ring Rider, Solenoid Base Sub Assembly And Instructions, Washer'}","ASCO Solenoid Valve Rebuild Kit, For Use With Mfr. Model Number EF8210B026 AC - umber EF8210B026 AC - 2LBD3|302295 - Grainger",https://www.sustainablesupply.com/products/asco-302295-solenoid-valve-rebuild-kit-c3012895,0.77,lb
ATCO Rubber Products,"Features double-ply vapor barrier with tridirectional reinforcements. Rated for indoor use.,Rated positive pressure: 10"" WC per UL 181,Velocity: 5,000 fpm,Flame spread/smoke developed: 25 / 50",{},{'image_url_1': 'https://cdn.shopify.com/s/files/1/0332/9992/2988/products/3F328_AS01_eb105666-c634-4b60-9821-82add4fa3e6f_1024x.jpg?v=1601759216'}, 17002510,70.73,C1135694,"{'Item': 'Insulated Flexible Duct', 'Insulation Value': 'R 4.2', 'UPC Number': '70', 'Flexible Duct Inside Dia': '10 in', 'Flexible Duct Wall Thickness': '1 1/4 in', 'Vapor Transmission': '0.6', 'Material': 'Polyester', 'Flexible Duct Length': '25 ft', 'Flexible Duct Item': 'Insulated Flexible Duct', 'For Use With': 'Heating and Cooling Systems', 'Low Temp Deg': '-20 Degrees F', 'Max Temp': '180 Degrees F', 'Max Pressure': '6 in WC', 'Max Air Flow': '5,000 fpm', 'Features': 'Air Tight Inner Core, Encapsulated Wire Helix, Smooth Inner Core, Thick Blanket of Fiberglass Insulation, Tough Reinforced Gray Polyester Jacket, Light Weight Compact Carton', 'Standards': 'California State Fire Marshall, Cities of Chicago, County of Dade (Florida), HUD, IMC, IRC, NFPA 90A and 90B, New York, San Francisco, UL181, UMC 10-1 (ICC ES Report No. ESR-1268)'}","ATCO Insulated Flexible Duct, R 4.2, 10 in Flexible Duct Inside Dia. - 17002510",https://www.sustainablesupply.com/products/atco-insulated-flexible-duct-180f-polyester-17002510-c1135694,14.0,lb
ATCO Rubber Products,"Features double-ply vapor barrier with tridirectional reinforcements. Rated for indoor use.,Rated positive pressure: 10"" WC per UL 181,Velocity: 5,000 fpm,Flame spread/smoke developed: 25 / 50",{},{'image_url_1': 'https://cdn.shopify.com/s/files/1/0332/9992/2988/products/3F323_AS01_42df04af-5262-4dd7-8d2d-c01551bc3469_1024x.jpg?v=1601759215'}, 13002508,65.10,C1135689,"{'Item': 'Insulated Flexible Duct', 'Insulation Value': 'R 4.2', 'UPC Number': '30', 'Flexible Duct Inside Dia': '8 in', 'Flexible Duct Wall Thickness': '1 1/4 in', 'Vapor Transmission': '0.05', 'Material': 'Polyester', 'Flexible Duct Length': '25 ft', 'Flexible Duct Item': 'Insulated Flexible Duct', 'For Use With': 'Heating and Cooling Systems', 'Low Temp Deg': '-20 Degrees F', 'Max Temp': '180 Degrees F', 'Max Pressure': '6 in WC', 'Max Air Flow': '5,000 fpm', 'Features': 'Air Tight Inner Core, Encapsulated Wire Helix, Smooth Inner Core, Thick Blanket of Fiberglass Insulation, Tough Reinforced Metallized Polyester Jacket, Light Weight Compact Carton', 'Standards': 'California State Fire Marshall, Cities of Chicago, County of Dade (Florida), HUD 515-2.1, IMC, IRC, NFPA 90A and 90B, New York, San Francisco, UL181, UMC 10-1 (ICC ES Report No. ESR-1268)'}","ATCO Insulated Flexible Duct, R 4.2, 8 in Flexible Duct Inside Dia. - 13002508",https://www.sustainablesupply.com/products/atco-insulated-flexible-duct-180f-8-in-dia-13002508-c1135689,10.0,lb
ATCO Rubber Products,"Features double-ply vapor barrier with tridirectional reinforcements. Rated for indoor use.,Rated positive pressure: 10"" WC per UL 181,Velocity: 5,000 fpm,Flame spread/smoke developed: 25 / 50",{},{'image_url_1': 'https://cdn.shopify.com/s/files/1/0332/9992/2988/products/4PDN5_AS01_b6d0dded-a6a0-4a85-a226-862cb4fa5767_1024x.jpg?v=1601782395'}, 13102510,145.49,C1138368,"{'Item': 'Insulated Flexible Duct', 'Insulation Value': 'R 8', 'UPC Number': '31', 'Flexible Duct Inside Dia': '10 in', 'Flexible Duct Wall Thickness': '2 1/2 in', 'Vapor Transmission': '0.05', 'Material': 'Polyester', 'Flexible Duct Length': '25 ft', 'Flexible Duct Item': 'Insulated Flexible Duct', 'For Use With': 'Low Pressure Air Moving Systems', 'Fire Rating': 'Flame Spread/Smoke Developed-Less Than 25/Less Than 50', 'Low Temp Deg': '-20?F', 'Compressed Size': '38 in', 'Max Temp': '140?F', 'Max Pressure': '6 in WC', 'Max Air Flow': '5,000 fpm', 'Features': 'Double Ply Vapor Barrier with Tri Directional Reinforcements', 'Standards': 'California State Fire Marshall, Cities of Chicago, County of Dade (Florida), HUD, IMC, IRC, NFPA 90A and 90B, New York, San Francisco, UL181, UMC 10-1 (ICC ES Report No. ESR-1268)'}","ATCO Insulated Flexible Duct, R 8.0, 10 in Flexible Duct Inside Dia. - 13102510",https://www.sustainablesupply.com/products/atco-insulated-flexible-duct-10-in-dia-13102510-c1138368,19.91,lb
ATCO Rubber Products,"Features double-ply vapor barrier with tridirectional reinforcements. Rated for indoor use.,Rated positive pressure: 10"" WC per UL 181,Velocity: 5,000 fpm,Flame spread/smoke developed: 25 / 50",{},{'image_url_1': 'https://cdn.shopify.com/s/files/1/0332/9992/2988/products/3F328_AS01_573ba4b2-9191-448e-b862-64be5d08ffeb_1024x.jpg?v=1601759216'}, 17002506,42.54,C1135692,"{'Item': 'Insulated Flexible Duct', 'Insulation Value': 'R 4.2', 'UPC Number': '70', 'Flexible Duct Inside Dia': '6 in', 'Flexible Duct Wall Thickness': '1 1/4 in', 'Vapor Transmission': '0.6', 'Material': 'Polyester', 'Flexible Duct Length': '25 ft', 'Flexible Duct Item': 'Insulated Flexible Duct', 'For Use With': 'Heating and Cooling Systems', 'Low Temp Deg': '-20 Degrees F', 'Max Temp': '180 Degrees F', 'Max Pressure': '6 in WC', 'Max Air Flow': '5,000 fpm', 'Features': 'Air Tight Inner Core, Encapsulated Wire Helix, Smooth Inner Core, Thick Blanket of Fiberglass Insulation, Tough Reinforced Gray Polyester Jacket, Light Weight Compact Carton', 'Standards': 'California State Fire Marshall, Cities of Chicago, County of Dade (Florida), HUD, IMC, IRC, NFPA 90A and 90B, New York, San Francisco, UL181, UMC 10-1 (ICC ES Report No. ESR-1268)'}","ATCO Insulated Flexible Duct, R 4.2, 6 in Flexible Duct Inside Dia. - 17002506",https://www.sustainablesupply.com/products/atco-insulated-flexible-duct-180f-polyester-17002506-c1135692,9.0,lb
ATCO Rubber Products,"Features double-ply vapor barrier with tridirectional reinforcements. Rated for indoor use.,Rated positive pressure: 10"" WC per UL 181,Velocity: 5,000 fpm,Flame spread/smoke developed: 25 / 50",{},{'image_url_1': 'https://cdn.shopify.com/s/files/1/0332/9992/2988/products/3F328_AS01_b8f509f4-691f-4f79-8ebb-2c080f4fde7e_1024x.jpg?v=1601759217'}, 17002512,78.06,C1135695,"{'Item': 'Insulated Flexible Duct', 'Insulation Value': 'R 4.2', 'UPC Number': '70', 'Flexible Duct Inside Dia': '12 in', 'Flexible Duct Wall Thickness': '1 1/4 in', 'Vapor Transmission': '0.6', 'Material': 'Polyester', 'Flexible Duct Length': '25 ft', 'Flexible Duct Item': 'Insulated Flexible Duct', 'For Use With': 'Heating and Cooling Systems', 'Low Temp Deg': '-20 Degrees F', 'Max Temp': '180 Degrees F', 'Max Pressure': '6 in WC', 'Max Air Flow': '5,000 fpm', 'Features': 'Air Tight Inner Core, Encapsulated Wire Helix, Smooth Inner Core, Thick Blanket of Fiberglass Insulation, Tough Reinforced Gray Polyester Jacket, Light Weight Compact Carton', 'Standards': 'California State Fire Marshall, Cities of Chicago, County of Dade (Florida), HUD, IMC, IRC, NFPA 90A and 90B, New York, San Francisco, UL181, UMC 10-1 (ICC ES Report No. ESR-1268)'}","ATCO Insulated Flexible Duct, R 4.2, 12 in Flexible Duct Inside Dia. - 17002512",https://www.sustainablesupply.com/products/atco-insulated-flexible-duct-polyester-180f-17002512-c1135695,17.1,lb
ATCO Rubber Products,"Features double-ply vapor barrier with tridirectional reinforcements. Rated for indoor use.,Rated positive pressure: 10"" WC per UL 181,Velocity: 5,000 fpm,Flame spread/smoke developed: 25 / 50",{},{'image_url_1': 'https://cdn.shopify.com/s/files/1/0332/9992/2988/products/3F323_AS01_73d160e5-6b71-4052-8748-04f6e90e308a_1024x.jpg?v=1601759215'}, 13002512,84.63,C1135691,"{'Item': 'Insulated Flexible Duct', 'Insulation Value': 'R 4.2', 'UPC Number': '30', 'Flexible Duct Inside Dia': '12 in', 'Flexible Duct Wall Thickness': '1 1/4 in', 'Vapor Transmission': '0.05', 'Material': 'Polyester', 'Flexible Duct Length': '25 ft', 'Flexible Duct Item': 'Insulated Flexible Duct', 'For Use With': 'Heating and Cooling Systems', 'Low Temp Deg': '-20 Degrees F', 'Max Temp': '180 Degrees F', 'Max Pressure': '6 in WC', 'Max Air Flow': '5,000 fpm', 'Features': 'Air Tight Inner Core, Encapsulated Wire Helix, Smooth Inner Core, Thick Blanket of Fiberglass Insulation, Tough Reinforced Metallized Polyester Jacket, Light Weight Compact Carton', 'Standards': 'California State Fire Marshall, Cities of Chicago, County of Dade (Florida), HUD 515-2.1, IMC, IRC, NFPA 90A and 90B, New York, San Francisco, UL181, UMC 10-1 (ICC ES Report No. ESR-1268)'}","ATCO Insulated Flexible Duct, R 4.2, 12 in Flexible Duct Inside Dia. - 13002512",https://www.sustainablesupply.com/products/atco-insulated-flexible-duct-180f-5000-fpm-13002512-c1135691,17.0,lb
ATCO Rubber Products,"Features double-ply vapor barrier with tridirectional reinforcements. Rated for indoor use.,Rated positive pressure: 10"" WC per UL 181,Velocity: 5,000 fpm,Flame spread/smoke developed: 25 / 50",{},{'image_url_1': 'https://cdn.shopify.com/s/files/1/0332/9992/2988/products/3F323_AS01_ae55ec92-0560-4c2b-8a2c-0ff2c874a5ce_1024x.jpg?v=1601759215'}, 13002506,54.90,C1135688,"{'Item': 'Insulated Flexible Duct', 'Insulation Value': 'R 4.2', 'UPC Number': '30', 'Flexible Duct Inside Dia': '6 in', 'Flexible Duct Wall Thickness': '1 1/4 in', 'Vapor Transmission': '0.05', 'Material': 'Polyester', 'Flexible Duct Length': '25 ft', 'Flexible Duct Item': 'Insulated Flexible Duct', 'For Use With': 'Heating and Cooling Systems', 'Low Temp Deg': '-20 Degrees F', 'Max Temp': '180 Degrees F', 'Max Pressure': '6 in WC', 'Max Air Flow': '5,000 fpm', 'Features': 'Air Tight Inner Core, Encapsulated Wire Helix, Smooth Inner Core, Thick Blanket of Fiberglass Insulation, Tough Reinforced Metallized Polyester Jacket, Light Weight Compact Carton', 'Standards': 'California State Fire Marshall, Cities of Chicago, County of Dade (Florida), HUD 515-2.1, IMC, IRC, NFPA 90A and 90B, New York, San Francisco, UL181, UMC 10-1 (ICC ES Report No. ESR-1268)'}","ATCO Insulated Flexible Duct, R 4.2, 6 in Flexible Duct Inside Dia. - 13002506",https://www.sustainablesupply.com/products/atco-insulated-flexible-duct-25-ft-l-180f-13002506-c1135688,9.1,lb
ATCO Rubber Products,"Features double-ply vapor barrier with tridirectional reinforcements. Rated for indoor use.,Rated positive pressure: 10"" WC per UL 181,Velocity: 5,000 fpm,Flame spread/smoke developed: 25 / 50",{},{'image_url_1': 'https://cdn.shopify.com/s/files/1/0332/9992/2988/products/3F328_AS01_fd4d9557-df31-446c-86f6-a0223a2cf323_1024x.jpg?v=1601759216'}, 17002508,58.09,C1135693,"{'Item': 'Insulated Flexible Duct', 'Insulation Value': 'R 4.2', 'UPC Number': '70', 'Flexible Duct Inside Dia': '8 in', 'Flexible Duct Wall Thickness': '1 1/4 in', 'Vapor Transmission': '0.6', 'Material': 'Polyester', 'Flexible Duct Length': '25 ft', 'Flexible Duct Item': 'Insulated Flexible Duct', 'For Use With': 'Heating and Cooling Systems', 'Low Temp Deg': '-20 Degrees F', 'Max Temp': '180 Degrees F', 'Max Pressure': '6 in WC', 'Max Air Flow': '5,000 fpm', 'Features': 'Air Tight Inner Core, Encapsulated Wire Helix, Smooth Inner Core, Thick Blanket of Fiberglass Insulation, Tough Reinforced Gray Polyester Jacket, Light Weight Compact Carton', 'Standards': 'California State Fire Marshall, Cities of Chicago, County of Dade (Florida), HUD, IMC, IRC, NFPA 90A and 90B, New York, San Francisco, UL181, UMC 10-1 (ICC ES Report No. ESR-1268)'}","ATCO Insulated Flexible Duct, R 4.2, 8 in Flexible Duct Inside Dia. - 17002508",https://www.sustainablesupply.com/products/atco-insulated-flexible-duct-polyester-17002508-c1135693,10.0,lb
Air Handler,,{},{'image_url_1': 'https://cdn.shopify.com/s/files/1/0332/9992/2988/products/11C889_AS01_c195b472-f806-4b30-9f2a-10b2de030ebc_1024x.jpg?v=1600419444'}, 11C877,20.13,C2860952,"{'Air Filter Item': 'Pleated Air Filter', 'Style - Air Filters': 'Panel', 'Performance Rating': 'MERV 13', 'Nominal Filter Size': '20x24x1', 'Filter Efficiency - Air Filters': '85 %', 'Air Filter Capacity': 'Standard Capacity', 'Media Material': 'Synthetic', 'Frame or Header Material': 'Beverage Board', 'Common Applications': 'LEED/Green', 'Media Color': 'Green', 'Media Area': '6.2 sq ft', 'Pleats per Linear Foot': '24', 'Filters Out': 'MERV 13-16 All Bacteria, Droplet Nuclei (Sneeze), Cooking Oil, Most Smoke, Insecticide Dust, Most Face Power, Paint Pigments, Most Tobacco Smoke, Copier Toner', 'Removes Particles Down To': '3 to 10 microns', 'Air Flow @ 300 fpm': '1,000 cfm', 'Air Flow @ 500 fpm': '1,667 cfm', 'Initial Resistance @ 300 fpm': '0.22 in wc', 'Initial Resistance @ 500 fpm': '0.37 in wc', 'Final Recommended Resistance': '1 in in wc', 'Max Temp': '180 Degrees F', 'Max Velocity': '500 fpm', 'Filter Frame Color': 'White', 'Gasket Location': 'None', 'Gasket Material': 'None', 'Nominal Height': '20 in', 'Nominal Width': '24 in', 'Nominal Depth': '1 in', 'Actual Filter Size': '19-1/2 in x 23-1/2 in x 3/4 in', 'Actual Height': '19 1/2 in', 'Actual Width': '23 1/2 in', 'Actual Dep': 'Actual Dep'}",Air Handler 11C877 - Green Pleat 20x24x1 MERV13,https://www.sustainablesupply.com/products/air-handler-11c877-green-pleat-20x24x1-merv13-c2860952,0.5,lb
Air Handler,,{},{'image_url_1': 'https://cdn.shopify.com/s/files/1/0332/9992/2988/products/11C889_AS01_00524365-9dbd-4e61-aa79-db0caf274639_1024x.jpg?v=1600418945'}, 11C885,32.59,C2861034,"{'Air Filter Item': 'Pleated Air Filter', 'Style - Air Filters': 'Panel', 'Performance Rating': 'MERV 13', 'Nominal Filter Size': '18x24x4', 'Filter Efficiency - Air Filters': '85 %', 'Air Filter Capacity': 'Standard Capacity', 'Media Material': 'Synthetic', 'Frame or Header Material': 'Beverage Board', 'Common Applications': 'LEED/Green', 'Media Color': 'Green', 'Media Area': '17.5 sq ft', 'Pleats per Linear Foot': '14', 'Filters Out': 'MERV 13-16 All Bacteria, Droplet Nuclei (Sneeze), Cooking Oil, Most Smoke, Insecticide Dust, Most Face Power, Paint Pigments, Most Tobacco Smoke, Copier Toner', 'Removes Particles Down To': '3 to 10 microns', 'Air Flow @ 300 fpm': '900 cfm', 'Air Flow @ 500 fpm': '1,500 cfm', 'Initial Resistance @ 300 fpm': '0.22 in wc', 'Initial Resistance @ 500 fpm': '0.37 in wc', 'Final Recommended Resistance': '1 in in wc', 'Max Temp': '180 Degrees F', 'Max Velocity': '500 fpm', 'Filter Frame Color': 'White', 'Gasket Location': 'None', 'Gasket Material': 'None', 'Nominal Height': '18 in', 'Nominal Width': '24 in', 'Nominal Depth': '4 in', 'Actual Filter Size': '17-3/8 in x 23-3/8 in x 3-3/4 in', 'Actual Height': '17 3/8 in', 'Actual Width': '23 3/8 in', 'Actual De': 'Actual De'}",Air Handler 11C885 - Green Pleat 18x24x4 MERV13,https://www.sustainablesupply.com/products/air-handler-11c885-green-pleat-18x24x4-merv13-c2861034,2.2,lb
Air Handler,,{},{'image_url_1': 'https://cdn.shopify.com/s/files/1/0332/9992/2988/products/no_image_7fc78251-1fcc-458e-9f9d-af446053d98c_1024x.png?v=1601338484'}, 11C881,21.04,C2860958,"{'Air Filter Item': 'Pleated Air Filter', 'Style - Air Filters': 'Panel', 'Performance Rating': 'MERV 13', 'Nominal Filter Size': '25x25x1', 'Filter Efficiency - Air Filters': '85 %', 'Air Filter Capacity': 'Standard Capacity', 'Media Material': 'Synthetic', 'Frame or Header Material': 'Beverage Board', 'Common Applications': 'LEED/Green', 'Media Color': 'Green', 'Media Area': '10.1 sq ft', 'Pleats per Linear Foot': '31', 'Filters Out': 'MERV 13-16 All Bacteria, Droplet Nuclei (Sneeze), Cooking Oil, Most Smoke, Insecticide Dust, Most Face Power, Paint Pigments, Most Tobacco Smoke, Copier Toner', 'Removes Particles Down To': '3 to 10 microns', 'Air Flow @ 300 fpm': '1,302 cfm', 'Air Flow @ 500 fpm': '2,170 cfm', 'Initial Resistance @ 300 fpm': '0.22 in wc', 'Initial Resistance @ 500 fpm': '0.37 in wc', 'Final Recommended Resistance': '1 in in wc', 'Max Temp': '180 Degrees F', 'Max Velocity': '500 fpm', 'Filter Frame Color': 'White', 'Gasket Location': 'None', 'Gasket Material': 'None', 'Nominal Height': '25 in', 'Nominal Width': '25 in', 'Nominal Depth': '1 in', 'Actual Filter Size': '24-1/2 in x 24-1/2 in x 3/4 in', 'Actual Height': '24 1/2 in', 'Actual Width': '24 1/2 in', 'Actual De': 'Actual De'}",Air Handler 11C881 - Green Pleat 25x25x1 MERV13,https://www.sustainablesupply.com/products/air-handler-11c881-green-pleat-25x25x1-merv13-c2860958,0.6,lb
Air Handler,,{},{'image_url_1': 'https://cdn.shopify.com/s/files/1/0332/9992/2988/products/11C889_AS01_12beb109-384e-4464-9b2b-5f6acac71a40_1024x.jpg?v=1600419450'}, 11C876,18.78,C2860948,"{'Air Filter Item': 'Pleated Air Filter', 'Style - Air Filters': 'Panel', 'Performance Rating': 'MERV 13', 'Nominal Filter Size': '20x20x1', 'Filter Efficiency - Air Filters': '85 %', 'Air Filter Capacity': 'Standard Capacity', 'Media Material': 'Synthetic', 'Frame or Header Material': 'Beverage Board', 'Common Applications': 'LEED/Green', 'Media Color': 'Green', 'Media Area': '5.1 sq ft', 'Pleats per Linear Foot': '24', 'Filters Out': 'MERV 13-16 All Bacteria, Droplet Nuclei (Sneeze), Cooking Oil, Most Smoke, Insecticide Dust, Most Face Power, Paint Pigments, Most Tobacco Smoke, Copier Toner', 'Removes Particles Down To': '3 to 10 microns', 'Air Flow @ 300 fpm': '833 cfm', 'Air Flow @ 500 fpm': '1,389 cfm', 'Initial Resistance @ 300 fpm': '0.22 in wc', 'Initial Resistance @ 500 fpm': '0.37 in wc', 'Final Recommended Resistance': '1 in in wc', 'Max Temp': '180 Degrees F', 'Max Velocity': '500 fpm', 'Filter Frame Color': 'White', 'Gasket Location': 'None', 'Gasket Material': 'None', 'Nominal Height': '20 in', 'Nominal Width': '20 in', 'Nominal Depth': '1 in', 'Actual Filter Size': '19-1/2 in x 19-1/2 in x 3/4 in', 'Actual Height': '19 1/2 in', 'Actual Width': '19 1/2 in', 'Actual Depth': 'Actual Depth'}",Air Handler 11C876 - Green Pleat 20x20x1 MERV13,https://www.sustainablesupply.com/products/air-handler-11c876-green-pleat-20x20x1-merv13-c2860948,0.55,lb
Air Handler,,{},{'image_url_1': 'https://cdn.shopify.com/s/files/1/0332/9992/2988/products/11C889_AS01_bc89d30e-4816-46a9-9d49-3677ab62769c_1024x.jpg?v=1600419440'}, 11C875,20.05,C2860954,"{'Air Filter Item': 'Pleated Air Filter', 'Style - Air Filters': 'Panel', 'Performance Rating': 'MERV 13', 'Nominal Filter Size': '18x25x1', 'Filter Efficiency - Air Filters': '85 %', 'Air Filter Capacity': 'Standard Capacity', 'Media Material': 'Synthetic', 'Frame or Header Material': 'Beverage Board', 'Common Applications': 'LEED/Green', 'Media Color': 'Green', 'Media Area': '5.9 sq ft', 'Pleats per Linear Foot': '22', 'Filters Out': 'MERV 13-16 All Bacteria, Droplet Nuclei (Sneeze), Cooking Oil, Most Smoke, Insecticide Dust, Most Face Power, Paint Pigments, Most Tobacco Smoke, Copier Toner', 'Removes Particles Down To': '3 to 10 microns', 'Air Flow @ 300 fpm': '938 cfm', 'Air Flow @ 500 fpm': '1,563 cfm', 'Initial Resistance @ 300 fpm': '0.22 in wc', 'Initial Resistance @ 500 fpm': '0.37 in wc', 'Final Recommended Resistance': '1 in in wc', 'Max Temp': '180 Degrees F', 'Max Velocity': '500 fpm', 'Filter Frame Color': 'White', 'Gasket Location': 'None', 'Gasket Material': 'None', 'Nominal Height': '18 in', 'Nominal Width': '25 in', 'Nominal Depth': '1 in', 'Actual Filter Size': '17-1/2 in x 24-1/2 in x 3/4 in', 'Actual Height': '17 1/2 in', 'Actual Width': '24 1/2 in', 'Actual Depth': 'Actual Depth'}",Air Handler 11C875 - Green Pleat 18x25x1 MERV13,https://www.sustainablesupply.com/products/air-handler-11c875-green-pleat-18x25x1-merv13-c2860954,0.35,lb
Air Handler,,{},{'image_url_1': 'https://cdn.shopify.com/s/files/1/0332/9992/2988/products/11C889_AS01_322dfc47-d31b-424a-a624-0b9684552d21_1024x.jpg?v=1600419442'}, 11C872,20.05,C2860953,"{'Air Filter Item': 'Pleated Air Filter', 'Style - Air Filters': 'Panel', 'Performance Rating': 'MERV 13', 'Nominal Filter Size': '16x25x1', 'Filter Efficiency - Air Filters': '85 %', 'Air Filter Capacity': 'Standard Capacity', 'Media Material': 'Synthetic', 'Frame or Header Material': 'Beverage Board', 'Common Applications': 'LEED/Green', 'Media Color': 'Green', 'Media Area': '5.2 sq ft', 'Pleats per Linear Foot': '19', 'Filters Out': 'MERV 13-16 All Bacteria, Droplet Nuclei (Sneeze), Cooking Oil, Most Smoke, Insecticide Dust, Most Face Power, Paint Pigments, Most Tobacco Smoke, Copier Toner', 'Removes Particles Down To': '3 to 10 microns', 'Air Flow @ 300 fpm': '833 cfm', 'Air Flow @ 500 fpm': '1,389 cfm', 'Initial Resistance @ 300 fpm': '0.22 in wc', 'Initial Resistance @ 500 fpm': '0.37 in wc', 'Final Recommended Resistance': '1 in in wc', 'Max Temp': '180 Degrees F', 'Max Velocity': '500 fpm', 'Filter Frame Color': 'White', 'Gasket Location': 'None', 'Gasket Material': 'None', 'Nominal Height': '16 in', 'Nominal Width': '25 in', 'Nominal Depth': '1 in', 'Actual Filter Size': '15-1/2 in x 24-1/2 in x 3/4 in', 'Actual Height': '15 1/2 in', 'Actual Width': '24 1/2 in', 'Actual Depth': 'Actual Depth'}",Air Handler 11C872 - Green Pleat 16x25x1 MERV13,https://www.sustainablesupply.com/products/air-handler-11c872-green-pleat-16x25x1-merv13-c2860953,0.55,lb
Air Handler,,{},{'image_url_1': 'https://cdn.shopify.com/s/files/1/0332/9992/2988/products/11C889_AS01_ea540dde-646e-48dd-8efc-31fb0d678be6_1024x.jpg?v=1600419449'}, 11C874,20.13,C2860949,"{'Air Filter Item': 'Pleated Air Filter', 'Style - Air Filters': 'Panel', 'Performance Rating': 'MERV 13', 'Nominal Filter Size': '18x24x1', 'Filter Efficiency - Air Filters': '85 %', 'Air Filter Capacity': 'Standard Capacity', 'Media Material': 'Synthetic', 'Frame or Header Material': 'Beverage Board', 'Common Applications': 'LEED/Green', 'Media Color': 'Green', 'Media Area': '5.7 sq ft', 'Pleats per Linear Foot': '22', 'Filters Out': 'MERV 13-16 All Bacteria, Droplet Nuclei (Sneeze), Cooking Oil, Most Smoke, Insecticide Dust, Most Face Power, Paint Pigments, Most Tobacco Smoke, Copier Toner', 'Removes Particles Down To': '3 to 10 microns', 'Air Flow @ 300 fpm': '900 cfm', 'Air Flow @ 500 fpm': '1,500 cfm', 'Initial Resistance @ 300 fpm': '0.22 in wc', 'Initial Resistance @ 500 fpm': '0.37 in wc', 'Final Recommended Resistance': '1 in in wc', 'Max Temp': '180 Degrees F', 'Max Velocity': '500 fpm', 'Filter Frame Color': 'White', 'Gasket Location': 'None', 'Gasket Material': 'None', 'Nominal Height': '18 in', 'Nominal Width': '24 in', 'Nominal Depth': '1 in', 'Actual Filter Size': '17-1/2 in x 23-1/2 in x 3/4 in', 'Actual Height': '17 1/2 in', 'Actual Width': '23 1/2 in', 'Actual Depth': 'Actual Depth'}",Air Handler 11C874 - Green Pleat 18x24x1 MERV13,https://www.sustainablesupply.com/products/air-handler-11c874-green-pleat-18x24x1-merv13-c2860949,0.28,lb
Air Handler,,{},{'image_url_1': 'https://cdn.shopify.com/s/files/1/0332/9992/2988/products/11C889_AS01_f5aa13f5-b529-4775-8f6f-5432bb8b4579_1024x.jpg?v=1600419453'}, 11C871,20.13,C2860945,"{'Air Filter Item': 'Pleated Air Filter', 'Style - Air Filters': 'Panel', 'Performance Rating': 'MERV 13', 'Nominal Filter Size': '16x24x1', 'Filter Efficiency - Air Filters': '85 %', 'Air Filter Capacity': 'Standard Capacity', 'Media Material': 'Synthetic', 'Frame or Header Material': 'Beverage Board', 'Common Applications': 'LEED/Green', 'Media Color': 'Green', 'Media Area': '4.9 sq ft', 'Pleats per Linear Foot': '19', 'Filters Out': 'MERV 13-16 All Bacteria, Droplet Nuclei (Sneeze), Cooking Oil, Most Smoke, Insecticide Dust, Most Face Power, Paint Pigments, Most Tobacco Smoke, Copier Toner', 'Removes Particles Down To': '0.3 to 1 microns', 'Air Flow @ 300 fpm': '800 cfm', 'Air Flow @ 500 fpm': '1,333 cfm', 'Initial Resistance @ 300 fpm': '0.22 in wc', 'Initial Resistance @ 500 fpm': '0.37 in wc', 'Final Recommended Resistance': '1 in in wc', 'Max Temp': '180 Degrees F', 'Max Velocity': '500 fpm', 'Filter Frame Color': 'White', 'Gasket Location': 'None', 'Gasket Material': 'None', 'Nominal Height': '16 in', 'Nominal Width': '24 in', 'Nominal Depth': '1 in', 'Actual Filter Size': '15-3/8 in x 23-3/8 in x 3/4 in', 'Actual Height': '15 3/8 in', 'Actual Width': '23 3/8 in', 'Actual Dept': 'Actual Dept'}",Air Handler 11C871 - Green Pleat 16x24x1 MERV13,https://www.sustainablesupply.com/products/air-handler-11c871-green-pleat-16x24x1-merv13-c2860945,0.45,lb
Air Handler,,{},{'image_url_1': 'https://cdn.shopify.com/s/files/1/0332/9992/2988/products/11C889_AS01_deab0614-7a47-477d-9488-f994a1710071_1024x.jpg?v=1600419447'}, 11C868,20.53,C2860950,"{'Air Filter Item': 'Pleated Air Filter', 'Style - Air Filters': 'Panel', 'Performance Rating': 'MERV 13', 'Nominal Filter Size': '15x25x1', 'Filter Efficiency - Air Filters': '85 %', 'Air Filter Capacity': 'Standard Capacity', 'Media Material': 'Synthetic', 'Frame or Header Material': 'Beverage Board', 'Common Applications': 'LEED/Green', 'Media Color': 'Green', 'Media Area': '6.1 sq ft', 'Pleats per Linear Foot': '18', 'Filters Out': 'MERV 13-16 All Bacteria, Droplet Nuclei (Sneeze), Cooking Oil, Most Smoke, Insecticide Dust, Most Face Power, Paint Pigments, Most Tobacco Smoke, Copier Toner', 'Removes Particles Down To': '1 to 3 microns', 'Air Flow @ 300 fpm': '781 cfm', 'Air Flow @ 500 fpm': '1,302 cfm', 'Initial Resistance @ 300 fpm': '0.22 in wc', 'Initial Resistance @ 500 fpm': '0.37 in wc', 'Final Recommended Resistance': '1 in in wc', 'Max Temp': '180 Degrees F', 'Max Velocity': '500 fpm', 'Filter Frame Color': 'White', 'Gasket Location': 'None', 'Gasket Material': 'None', 'Nominal Height': '15 in', 'Nominal Width': '25 in', 'Nominal Depth': '1 in', 'Actual Filter Size': '14-1/2 in x 24-1/2 in x 3/4 in', 'Actual Height': '14 1/2 in', 'Actual Width': '24 1/2 in', 'Actual Depth': 'Actual Depth'}",Air Handler 11C868 - Green Pleat 15x25x1 MERV13,https://www.sustainablesupply.com/products/air-handler-11c868-green-pleat-15x25x1-merv13-c2860950,0.5,lb
ATCO Rubber Products,"Features double-ply vapor barrier with tridirectional reinforcements. Rated for indoor use.,Rated positive pressure: 10"" WC per UL 181,Velocity: 5,000 fpm,Flame spread/smoke developed: 25 / 50",{},{'image_url_1': 'https://cdn.shopify.com/s/files/1/0332/9992/2988/products/3F328_AS01_eb105666-c634-4b60-9821-82add4fa3e6f_1024x.jpg?v=1601759216'}, 17002510,70.73,C1135694,"{'Item': 'Insulated Flexible Duct', 'Insulation Value': 'R 4.2', 'UPC Number': '70', 'Flexible Duct Inside Dia': '10 in', 'Flexible Duct Wall Thickness': '1 1/4 in', 'Vapor Transmission': '0.6', 'Material': 'Polyester', 'Flexible Duct Length': '25 ft', 'Flexible Duct Item': 'Insulated Flexible Duct', 'For Use With': 'Heating and Cooling Systems', 'Low Temp Deg': '-20 Degrees F', 'Max Temp': '180 Degrees F', 'Max Pressure': '6 in WC', 'Max Air Flow': '5,000 fpm', 'Features': 'Air Tight Inner Core, Encapsulated Wire Helix, Smooth Inner Core, Thick Blanket of Fiberglass Insulation, Tough Reinforced Gray Polyester Jacket, Light Weight Compact Carton', 'Standards': 'California State Fire Marshall, Cities of Chicago, County of Dade (Florida), HUD, IMC, IRC, NFPA 90A and 90B, New York, San Francisco, UL181, UMC 10-1 (ICC ES Report No. ESR-1268)'}","ATCO Insulated Flexible Duct, R 4.2, 10 in Flexible Duct Inside Dia. - 17002510",https://www.sustainablesupply.com/products/atco-insulated-flexible-duct-180f-polyester-17002510-c1135694,14.0,lb
AO Smith,"Ignitor, 1-3/4""; Fits Brand: A.O. Smith; Includes: Ignitor",{},{'image_url_1': 'https://cdn.shopify.com/s/files/1/0332/9992/2988/products/28PV31_AW01_1024x.jpg?v=1601727448'}, 100110899,187.04,C1121139,"{'Item': 'Ignitor, 1-3/4""', 'Fits Brand': 'A.O. Smith', 'Includes': 'Ignitor'}","AO Smith Ignitor, 1-3/4"", Fits Brand A.O. Smith - 100110899",https://www.sustainablesupply.com/products/ao-smith-ignitor-1-3-4-in-9006101205-c1121139,0.6,lb
5-2-1 Compressor Saver,"Helps reduce air conditioner,compressor start-up time up to 50%,and lowers energy consumption.",{},{'image_url_1': 'https://cdn.shopify.com/s/files/1/0332/9992/2988/products/32ZN44_AS01_1024x.jpg?v=1601743862'}, CSRU1,48.78,C1134494,"{'Item': 'Hard Start Kit', 'Type': 'Potential Relay, Start Capacitor', 'Control Volts': '208 to 240', 'Contact Rating (Amps)': '35', 'Pick Up': '162 to 175', 'Drop Out': '40 to 90', 'Voltage': '208 to 240', 'Phase': '1', 'Hz': '60', 'HP': '4 to 5', 'Increased Torque (Oz-In)': '300', 'Time Delay': 'No', 'Temp Rating (F)': '149', 'Depth': '2 in', 'Height': '5 1/2 in', 'Width': '1 3/4 in', 'Application': '1 - 3 tons A/C Units', 'For Use With': 'A/C Systems', 'Agency Compliance': 'cUL, CE', 'Includes': 'Capacitor, Mounting Screws, Potential Relay, Zip-Tie'}","5-2-1 Compressor Saver Hard Start Kit, Potential Relay, Start Capacitor, 208 to 240 Voltage, 35 Contact Rating (Amps) - CSRU1",https://www.sustainablesupply.com/products/5-2-1-compressor-saver-hard-start-kit-1-2-3-tons-a-c-units-csru1-c1134494,0.64,lb
ATCO Rubber Products,"Features double-ply vapor barrier with tridirectional reinforcements. Rated for indoor use.,Rated positive pressure: 10"" WC per UL 181,Velocity: 5,000 fpm,Flame spread/smoke developed: 25 / 50",{},{'image_url_1': 'https://cdn.shopify.com/s/files/1/0332/9992/2988/products/3F323_AS01_2b2a57f7-5417-4b4e-92a5-c90f6db9d8de_1024x.jpg?v=1601759215'}, 13002510,72.85,C1135690,"{'Item': 'Insulated Flexible Duct', 'Insulation Value': 'R 4.2', 'UPC Number': '30', 'Flexible Duct Inside Dia': '10 in', 'Flexible Duct Wall Thickness': '1 1/4 in', 'Vapor Transmission': '0.05', 'Material': 'Polyester', 'Flexible Duct Length': '25 ft', 'Flexible Duct Item': 'Insulated Flexible Duct', 'For Use With': 'Heating and Cooling Systems', 'Low Temp Deg': '-20 Degrees F', 'Max Temp': '180 Degrees F', 'Max Pressure': '6 in WC', 'Max Air Flow': '5,000 fpm', 'Features': 'Air Tight Inner Core, Encapsulated Wire Helix, Smooth Inner Core, Thick Blanket of Fiberglass Insulation, Tough Reinforced Metallized Polyester Jacket, Light Weight Compact Carton', 'Standards': 'California State Fire Marshall, Cities of Chicago, County of Dade (Florida), HUD 515-2.1, IMC, IRC, NFPA 90A and 90B, New York, San Francisco, UL181, UMC 10-1 (ICC ES Report No. ESR-1268)'}","ATCO Insulated Flexible Duct, R 4.2, 10 in Flexible Duct Inside Dia. - 13002510",https://www.sustainablesupply.com/products/atco-insulated-flexible-duct-polyester-180f-13002510-c1135690,13.5,lb
